{
  "name": "dell",
  "version": "1.0.0",
  "lockfileVersion": 3,
  "requires": true,
  "packages": {
    "": {
      "name": "dell",
      "version": "1.0.0",
      "license": "ISC",
      "dependencies": {
        "bootstrap": "^5.3.3",
        "bootstrap-icons": "^1.11.3",
        "create-react-app": "^5.0.1",
        "react": "^18.2.0",
        "react-dom": "^18.2.0",
        "react-router-dom": "^6.22.3",
        "slick-carousel": "^1.8.1"
      }
    },
    "node_modules/@popperjs/core": {
      "version": "2.11.8",
      "resolved": "https://registry.npmjs.org/@popperjs/core/-/core-2.11.8.tgz",
      "integrity": "sha512-P1st0aksCrn9sGZhp8GMYwBnQsbvAWsZAX44oXNNvLHGqAOcoVxmjZiohstwQ7SqKnbR47akdNi+uleWD8+g6A==",
      "peer": true,
      "funding": {
        "type": "opencollective",
        "url": "https://opencollective.com/popperjs"
      }
    },
    "node_modules/@remix-run/router": {
      "version": "1.15.3",
      "resolved": "https://registry.npmjs.org/@remix-run/router/-/router-1.15.3.tgz",
      "integrity": "sha512-Oy8rmScVrVxWZVOpEF57ovlnhpZ8CCPlnIIumVcV9nFdiSIrus99+Lw78ekXyGvVDlIsFJbSfmSovJUhCWYV3w==",
      "engines": {
        "node": ">=14.0.0"
      }
    },
    "node_modules/ansi-styles": {
      "version": "4.3.0",
      "resolved": "https://registry.npmjs.org/ansi-styles/-/ansi-styles-4.3.0.tgz",
      "integrity": "sha512-zbB9rCJAT1rbjiVDb2hqKFHNYLxgtk8NURxZ3IZwD3F6NtxbXZQCnnSi1Lkx+IDohdPlFp222wVALIheZJQSEg==",
      "dependencies": {
        "color-convert": "^2.0.1"
      },
      "engines": {
        "node": ">=8"
      },
      "funding": {
        "url": "https://github.com/chalk/ansi-styles?sponsor=1"
      }
    },
    "node_modules/balanced-match": {
      "version": "1.0.2",
      "resolved": "https://registry.npmjs.org/balanced-match/-/balanced-match-1.0.2.tgz",
      "integrity": "sha512-3oSeUO0TMV67hN1AmbXsK4yaqU7tjiHlbxRDZOpH0KW9+CeX4bRAaX0Anxt0tx2MrpRpWwQaPwIlISEJhYU5Pw=="
    },
    "node_modules/block-stream": {
      "version": "0.0.9",
      "resolved": "https://registry.npmjs.org/block-stream/-/block-stream-0.0.9.tgz",
      "integrity": "sha512-OorbnJVPII4DuUKbjARAe8u8EfqOmkEEaSFIyoQ7OjTHn6kafxWl0wLgoZ2rXaYd7MyLcDaU4TmhfxtwgcccMQ==",
      "dependencies": {
        "inherits": "~2.0.0"
      },
      "engines": {
        "node": "0.4 || >=0.5.8"
      }
    },
    "node_modules/bootstrap": {
      "version": "5.3.3",
      "resolved": "https://registry.npmjs.org/bootstrap/-/bootstrap-5.3.3.tgz",
      "integrity": "sha512-8HLCdWgyoMguSO9o+aH+iuZ+aht+mzW0u3HIMzVu7Srrpv7EBBxTnrFlSCskwdY1+EOFQSm7uMJhNQHkdPcmjg==",
      "funding": [
        {
          "type": "github",
          "url": "https://github.com/sponsors/twbs"
        },
        {
          "type": "opencollective",
          "url": "https://opencollective.com/bootstrap"
        }
      ],
      "peerDependencies": {
        "@popperjs/core": "^2.11.8"
      }
    },
    "node_modules/bootstrap-icons": {
      "version": "1.11.3",
      "resolved": "https://registry.npmjs.org/bootstrap-icons/-/bootstrap-icons-1.11.3.tgz",
      "integrity": "sha512-+3lpHrCw/it2/7lBL15VR0HEumaBss0+f/Lb6ZvHISn1mlK83jjFpooTLsMWbIjJMDjDjOExMsTxnXSIT4k4ww==",
      "funding": [
        {
          "type": "github",
          "url": "https://github.com/sponsors/twbs"
        },
        {
          "type": "opencollective",
          "url": "https://opencollective.com/bootstrap"
        }
      ]
    },
    "node_modules/brace-expansion": {
      "version": "1.1.11",
      "resolved": "https://registry.npmjs.org/brace-expansion/-/brace-expansion-1.1.11.tgz",
      "integrity": "sha512-iCuPHDFgrHX7H2vEI/5xpz07zSHB00TpugqhmYtVmMO6518mCuRMoOYFldEBl0g187ufozdaHgWKcYFb61qGiA==",
      "dependencies": {
        "balanced-match": "^1.0.0",
        "concat-map": "0.0.1"
      }
    },
    "node_modules/buffer-from": {
      "version": "0.1.2",
      "resolved": "https://registry.npmjs.org/buffer-from/-/buffer-from-0.1.2.tgz",
      "integrity": "sha512-RiWIenusJsmI2KcvqQABB83tLxCByE3upSP8QU3rJDMVFGPWLvPQJt/O1Su9moRWeH7d+Q2HYb68f6+v+tw2vg=="
    },
    "node_modules/builtins": {
      "version": "1.0.3",
      "resolved": "https://registry.npmjs.org/builtins/-/builtins-1.0.3.tgz",
      "integrity": "sha512-uYBjakWipfaO/bXI7E8rq6kpwHRZK5cNYrUv2OzZSI/FvmdMyXJ2tG9dKcjEC5YHmHpUAwsargWIZNWdxb/bnQ=="
    },
    "node_modules/chalk": {
      "version": "4.1.2",
      "resolved": "https://registry.npmjs.org/chalk/-/chalk-4.1.2.tgz",
      "integrity": "sha512-oKnbhFyRIXpUuez8iBMmyEa4nbj4IOQyuhc/wy9kY7/WVPcwIO9VA668Pu8RkO7+0G76SLROeyw9CpQ061i4mA==",
      "dependencies": {
        "ansi-styles": "^4.1.0",
        "supports-color": "^7.1.0"
      },
      "engines": {
        "node": ">=10"
      },
      "funding": {
        "url": "https://github.com/chalk/chalk?sponsor=1"
      }
    },
    "node_modules/color-convert": {
      "version": "2.0.1",
      "resolved": "https://registry.npmjs.org/color-convert/-/color-convert-2.0.1.tgz",
      "integrity": "sha512-RRECPsj7iu/xb5oKYcsFHSppFNnsj/52OVTRKb4zP5onXwVF3zVmmToNcOfGC+CRDpfK/U584fMg38ZHCaElKQ==",
      "dependencies": {
        "color-name": "~1.1.4"
      },
      "engines": {
        "node": ">=7.0.0"
      }
    },
    "node_modules/color-name": {
      "version": "1.1.4",
      "resolved": "https://registry.npmjs.org/color-name/-/color-name-1.1.4.tgz",
      "integrity": "sha512-dOy+3AuW3a2wNbZHIuMZpTcgjGuLU/uBL/ubcZF9OXbDo8ff4O8yVp5Bf0efS8uEoYo5q4Fx7dY9OgQGXgAsQA=="
    },
    "node_modules/commander": {
      "version": "4.1.1",
      "resolved": "https://registry.npmjs.org/commander/-/commander-4.1.1.tgz",
      "integrity": "sha512-NOKm8xhkzAjzFx8B2v5OAHT+u5pRQc2UCa2Vq9jYL/31o2wi9mxBA7LIFs3sV5VSC49z6pEhfbMULvShKj26WA==",
      "engines": {
        "node": ">= 6"
      }
    },
    "node_modules/concat-map": {
      "version": "0.0.1",
      "resolved": "https://registry.npmjs.org/concat-map/-/concat-map-0.0.1.tgz",
      "integrity": "sha512-/Srv4dswyQNBfohGpz9o6Yb3Gz3SrUDqBH5rTuhGR7ahtlbYKnVxw2bCFMRljaA7EXHaXZ8wsHdodFvbkhKmqg=="
    },
    "node_modules/core-util-is": {
      "version": "1.0.3",
      "resolved": "https://registry.npmjs.org/core-util-is/-/core-util-is-1.0.3.tgz",
      "integrity": "sha512-ZQBvi1DcpJ4GDqanjucZ2Hj3wEO5pZDS89BWbkcrvdxksJorwUDDZamX9ldFkp9aw2lmBDLgkObEA4DWNJ9FYQ=="
    },
    "node_modules/create-react-app": {
      "version": "5.0.1",
      "resolved": "https://registry.npmjs.org/create-react-app/-/create-react-app-5.0.1.tgz",
      "integrity": "sha512-UkxTKK8I9HuZZHqkNq/JkKXDgdLeiRGc+bL58Iae2g+7WwFomAj4wppn6JfqlZM2IKYRlZtgLlmVr5oZfdd1xg==",
      "dependencies": {
        "chalk": "^4.1.2",
        "commander": "^4.1.1",
        "cross-spawn": "^7.0.3",
        "envinfo": "^7.8.1",
        "fs-extra": "^10.0.0",
        "hyperquest": "^2.1.3",
        "prompts": "^2.4.2",
        "semver": "^7.3.5",
        "tar-pack": "^3.4.1",
        "tmp": "^0.2.1",
        "validate-npm-package-name": "^3.0.0"
      },
      "bin": {
        "create-react-app": "index.js"
      },
      "engines": {
        "node": ">=14"
      }
    },
    "node_modules/cross-spawn": {
      "version": "7.0.3",
      "resolved": "https://registry.npmjs.org/cross-spawn/-/cross-spawn-7.0.3.tgz",
      "integrity": "sha512-iRDPJKUPVEND7dHPO8rkbOnPpyDygcDFtWjpeWNCgy8WP2rXcxXL8TskReQl6OrB2G7+UJrags1q15Fudc7G6w==",
      "dependencies": {
        "path-key": "^3.1.0",
        "shebang-command": "^2.0.0",
        "which": "^2.0.1"
      },
      "engines": {
        "node": ">= 8"
      }
    },
    "node_modules/debug": {
      "version": "2.6.9",
      "resolved": "https://registry.npmjs.org/debug/-/debug-2.6.9.tgz",
      "integrity": "sha512-bC7ElrdJaJnPbAP+1EotYvqZsb3ecl5wi6Bfi6BJTUcNowp6cvspg0jXznRTKDjm/E7AdgFBVeAPVMNcKGsHMA==",
      "dependencies": {
        "ms": "2.0.0"
      }
    },
    "node_modules/duplexer2": {
      "version": "0.0.2",
      "resolved": "https://registry.npmjs.org/duplexer2/-/duplexer2-0.0.2.tgz",
      "integrity": "sha512-+AWBwjGadtksxjOQSFDhPNQbed7icNXApT4+2BNpsXzcCBiInq2H9XW0O8sfHFaPmnQRs7cg/P0fAr2IWQSW0g==",
      "dependencies": {
        "readable-stream": "~1.1.9"
      }
    },
    "node_modules/envinfo": {
      "version": "7.11.1",
      "resolved": "https://registry.npmjs.org/envinfo/-/envinfo-7.11.1.tgz",
      "integrity": "sha512-8PiZgZNIB4q/Lw4AhOvAfB/ityHAd2bli3lESSWmWSzSsl5dKpy5N1d1Rfkd2teq/g9xN90lc6o98DOjMeYHpg==",
      "bin": {
        "envinfo": "dist/cli.js"
      },
      "engines": {
        "node": ">=4"
      }
    },
    "node_modules/fs-extra": {
      "version": "10.1.0",
      "resolved": "https://registry.npmjs.org/fs-extra/-/fs-extra-10.1.0.tgz",
      "integrity": "sha512-oRXApq54ETRj4eMiFzGnHWGy+zo5raudjuxN0b8H7s/RU2oW0Wvsx9O0ACRN/kRq9E8Vu/ReskGB5o3ji+FzHQ==",
      "dependencies": {
        "graceful-fs": "^4.2.0",
        "jsonfile": "^6.0.1",
        "universalify": "^2.0.0"
      },
      "engines": {
        "node": ">=12"
      }
    },
    "node_modules/fs.realpath": {
      "version": "1.0.0",
      "resolved": "https://registry.npmjs.org/fs.realpath/-/fs.realpath-1.0.0.tgz",
      "integrity": "sha512-OO0pH2lK6a0hZnAdau5ItzHPI6pUlvI7jMVnxUQRtw4owF2wk8lOSabtGDCTP4Ggrg2MbGnWO9X8K1t4+fGMDw=="
    },
    "node_modules/fstream": {
      "version": "1.0.12",
      "resolved": "https://registry.npmjs.org/fstream/-/fstream-1.0.12.tgz",
      "integrity": "sha512-WvJ193OHa0GHPEL+AycEJgxvBEwyfRkN1vhjca23OaPVMCaLCXTd5qAu82AjTcgP1UJmytkOKb63Ypde7raDIg==",
      "dependencies": {
        "graceful-fs": "^4.1.2",
        "inherits": "~2.0.0",
        "mkdirp": ">=0.5 0",
        "rimraf": "2"
      },
      "engines": {
        "node": ">=0.6"
      }
    },
    "node_modules/fstream-ignore": {
      "version": "1.0.5",
      "resolved": "https://registry.npmjs.org/fstream-ignore/-/fstream-ignore-1.0.5.tgz",
      "integrity": "sha512-VVRuOs41VUqptEGiR0N5ZoWEcfGvbGRqLINyZAhHRnF3DH5wrqjNkYr3VbRoZnI41BZgO7zIVdiobc13TVI1ow==",
      "dependencies": {
        "fstream": "^1.0.0",
        "inherits": "2",
        "minimatch": "^3.0.0"
      }
    },
    "node_modules/glob": {
      "version": "7.2.3",
      "resolved": "https://registry.npmjs.org/glob/-/glob-7.2.3.tgz",
      "integrity": "sha512-nFR0zLpU2YCaRxwoCJvL6UvCH2JFyFVIvwTLsIf21AuHlMskA1hhTdk+LlYJtOlYt9v6dvszD2BGRqBL+iQK9Q==",
      "dependencies": {
        "fs.realpath": "^1.0.0",
        "inflight": "^1.0.4",
        "inherits": "2",
        "minimatch": "^3.1.1",
        "once": "^1.3.0",
        "path-is-absolute": "^1.0.0"
      },
      "engines": {
        "node": "*"
      },
      "funding": {
        "url": "https://github.com/sponsors/isaacs"
      }
    },
    "node_modules/graceful-fs": {
      "version": "4.2.11",
      "resolved": "https://registry.npmjs.org/graceful-fs/-/graceful-fs-4.2.11.tgz",
      "integrity": "sha512-RbJ5/jmFcNNCcDV5o9eTnBLJ/HszWV0P73bc+Ff4nS/rJj+YaS6IGyiOL0VoBYX+l1Wrl3k63h/KrH+nhJ0XvQ=="
    },
    "node_modules/has-flag": {
      "version": "4.0.0",
      "resolved": "https://registry.npmjs.org/has-flag/-/has-flag-4.0.0.tgz",
      "integrity": "sha512-EykJT/Q1KjTWctppgIAgfSO0tKVuZUjhgMr17kqTumMl6Afv3EISleU7qZUzoXDFTAHTDC4NOoG/ZxU3EvlMPQ==",
      "engines": {
        "node": ">=8"
      }
    },
    "node_modules/hyperquest": {
      "version": "2.1.3",
      "resolved": "https://registry.npmjs.org/hyperquest/-/hyperquest-2.1.3.tgz",
      "integrity": "sha512-fUuDOrB47PqNK/BAMOS13v41UoaqIxqSLHX6CAbOD7OfT+/GCWO1/vPLfTNutOeXrv1ikuaZ3yux+33Z9vh+rw==",
      "dependencies": {
        "buffer-from": "^0.1.1",
        "duplexer2": "~0.0.2",
        "through2": "~0.6.3"
      }
    },
    "node_modules/inflight": {
      "version": "1.0.6",
      "resolved": "https://registry.npmjs.org/inflight/-/inflight-1.0.6.tgz",
      "integrity": "sha512-k92I/b08q4wvFscXCLvqfsHCrjrF7yiXsQuIVvVE7N82W3+aqpzuUdBbfhWcy/FZR3/4IgflMgKLOsvPDrGCJA==",
      "dependencies": {
        "once": "^1.3.0",
        "wrappy": "1"
      }
    },
    "node_modules/inherits": {
      "version": "2.0.4",
      "resolved": "https://registry.npmjs.org/inherits/-/inherits-2.0.4.tgz",
      "integrity": "sha512-k/vGaX4/Yla3WzyMCvTQOXYeIHvqOKtnqBduzTHpzpQZzAskKMhZ2K+EnBiSM9zGSoIFeMpXKxa4dYeZIQqewQ=="
    },
    "node_modules/isarray": {
      "version": "0.0.1",
      "resolved": "https://registry.npmjs.org/isarray/-/isarray-0.0.1.tgz",
      "integrity": "sha512-D2S+3GLxWH+uhrNEcoh/fnmYeP8E8/zHl644d/jdA0g2uyXvy3sb0qxotE+ne0LtccHknQzWwZEzhak7oJ0COQ=="
    },
    "node_modules/isexe": {
      "version": "2.0.0",
      "resolved": "https://registry.npmjs.org/isexe/-/isexe-2.0.0.tgz",
      "integrity": "sha512-RHxMLp9lnKHGHRng9QFhRCMbYAcVpn69smSGcq3f36xjgVVWThj4qqLbTLlq7Ssj8B+fIQ1EuCEGI2lKsyQeIw=="
    },
    "node_modules/jquery": {
      "version": "3.7.1",
      "resolved": "https://registry.npmjs.org/jquery/-/jquery-3.7.1.tgz",
      "integrity": "sha512-m4avr8yL8kmFN8psrbFFFmB/If14iN5o9nw/NgnnM+kybDJpRsAynV2BsfpTYrTRysYUdADVD7CkUUizgkpLfg==",
      "peer": true
    },
    "node_modules/js-tokens": {
      "version": "4.0.0",
      "resolved": "https://registry.npmjs.org/js-tokens/-/js-tokens-4.0.0.tgz",
      "integrity": "sha512-RdJUflcE3cUzKiMqQgsCu06FPu9UdIJO0beYbPhHN4k6apgJtifcoCtT9bcxOpYBtpD2kCM6Sbzg4CausW/PKQ=="
    },
    "node_modules/jsonfile": {
      "version": "6.1.0",
      "resolved": "https://registry.npmjs.org/jsonfile/-/jsonfile-6.1.0.tgz",
      "integrity": "sha512-5dgndWOriYSm5cnYaJNhalLNDKOqFwyDB/rr1E9ZsGciGvKPs8R2xYGCacuf3z6K1YKDz182fd+fY3cn3pMqXQ==",
      "dependencies": {
        "universalify": "^2.0.0"
      },
      "optionalDependencies": {
        "graceful-fs": "^4.1.6"
      }
    },
    "node_modules/kleur": {
      "version": "3.0.3",
      "resolved": "https://registry.npmjs.org/kleur/-/kleur-3.0.3.tgz",
      "integrity": "sha512-eTIzlVOSUR+JxdDFepEYcBMtZ9Qqdef+rnzWdRZuMbOywu5tO2w2N7rqjoANZ5k9vywhL6Br1VRjUIgTQx4E8w==",
      "engines": {
        "node": ">=6"
      }
    },
    "node_modules/loose-envify": {
      "version": "1.4.0",
      "resolved": "https://registry.npmjs.org/loose-envify/-/loose-envify-1.4.0.tgz",
      "integrity": "sha512-lyuxPGr/Wfhrlem2CL/UcnUc1zcqKAImBDzukY7Y5F/yQiNdko6+fRLevlw1HgMySw7f611UIY408EtxRSoK3Q==",
      "dependencies": {
        "js-tokens": "^3.0.0 || ^4.0.0"
      },
      "bin": {
        "loose-envify": "cli.js"
      }
    },
    "node_modules/lru-cache": {
      "version": "6.0.0",
      "resolved": "https://registry.npmjs.org/lru-cache/-/lru-cache-6.0.0.tgz",
      "integrity": "sha512-Jo6dJ04CmSjuznwJSS3pUeWmd/H0ffTlkXXgwZi+eq1UCmqQwCh+eLsYOYCwY991i2Fah4h1BEMCx4qThGbsiA==",
      "dependencies": {
        "yallist": "^4.0.0"
      },
      "engines": {
        "node": ">=10"
      }
    },
    "node_modules/minimatch": {
      "version": "3.1.2",
      "resolved": "https://registry.npmjs.org/minimatch/-/minimatch-3.1.2.tgz",
      "integrity": "sha512-J7p63hRiAjw1NDEww1W7i37+ByIrOWO5XQQAzZ3VOcL0PNybwpfmV/N05zFAzwQ9USyEcX6t3UO+K5aqBQOIHw==",
      "dependencies": {
        "brace-expansion": "^1.1.7"
      },
      "engines": {
        "node": "*"
      }
    },
    "node_modules/minimist": {
      "version": "1.2.8",
      "resolved": "https://registry.npmjs.org/minimist/-/minimist-1.2.8.tgz",
      "integrity": "sha512-2yyAR8qBkN3YuheJanUpWC5U3bb5osDywNB8RzDVlDwDHbocAJveqqj1u8+SVD7jkWT4yvsHCpWqqWqAxb0zCA==",
      "funding": {
        "url": "https://github.com/sponsors/ljharb"
      }
    },
    "node_modules/mkdirp": {
      "version": "0.5.6",
      "resolved": "https://registry.npmjs.org/mkdirp/-/mkdirp-0.5.6.tgz",
      "integrity": "sha512-FP+p8RB8OWpF3YZBCrP5gtADmtXApB5AMLn+vdyA+PyxCjrCs00mjyUozssO33cwDeT3wNGdLxJ5M//YqtHAJw==",
      "dependencies": {
        "minimist": "^1.2.6"
      },
      "bin": {
        "mkdirp": "bin/cmd.js"
      }
    },
    "node_modules/ms": {
      "version": "2.0.0",
      "resolved": "https://registry.npmjs.org/ms/-/ms-2.0.0.tgz",
      "integrity": "sha512-Tpp60P6IUJDTuOq/5Z8cdskzJujfwqfOTkrwIwj7IRISpnkJnT6SyJ4PCPnGMoFjC9ddhal5KVIYtAt97ix05A=="
    },
    "node_modules/once": {
      "version": "1.4.0",
      "resolved": "https://registry.npmjs.org/once/-/once-1.4.0.tgz",
      "integrity": "sha512-lNaJgI+2Q5URQBkccEKHTQOPaXdUxnZZElQTZY0MFUAuaEqe1E+Nyvgdz/aIyNi6Z9MzO5dv1H8n58/GELp3+w==",
      "dependencies": {
        "wrappy": "1"
      }
    },
    "node_modules/path-is-absolute": {
      "version": "1.0.1",
      "resolved": "https://registry.npmjs.org/path-is-absolute/-/path-is-absolute-1.0.1.tgz",
      "integrity": "sha512-AVbw3UJ2e9bq64vSaS9Am0fje1Pa8pbGqTTsmXfaIiMpnr5DlDhfJOuLj9Sf95ZPVDAUerDfEk88MPmPe7UCQg==",
      "engines": {
        "node": ">=0.10.0"
      }
    },
    "node_modules/path-key": {
      "version": "3.1.1",
      "resolved": "https://registry.npmjs.org/path-key/-/path-key-3.1.1.tgz",
      "integrity": "sha512-ojmeN0qd+y0jszEtoY48r0Peq5dwMEkIlCOu6Q5f41lfkswXuKtYrhgoTpLnyIcHm24Uhqx+5Tqm2InSwLhE6Q==",
      "engines": {
        "node": ">=8"
      }
    },
    "node_modules/process-nextick-args": {
      "version": "2.0.1",
      "resolved": "https://registry.npmjs.org/process-nextick-args/-/process-nextick-args-2.0.1.tgz",
      "integrity": "sha512-3ouUOpQhtgrbOa17J7+uxOTpITYWaGP7/AhoR3+A+/1e9skrzelGi/dXzEYyvbxubEF6Wn2ypscTKiKJFFn1ag=="
    },
    "node_modules/prompts": {
      "version": "2.4.2",
      "resolved": "https://registry.npmjs.org/prompts/-/prompts-2.4.2.tgz",
      "integrity": "sha512-NxNv/kLguCA7p3jE8oL2aEBsrJWgAakBpgmgK6lpPWV+WuOmY6r2/zbAVnP+T8bQlA0nzHXSJSJW0Hq7ylaD2Q==",
      "dependencies": {
        "kleur": "^3.0.3",
        "sisteransi": "^1.0.5"
      },
      "engines": {
        "node": ">= 6"
      }
    },
    "node_modules/react": {
      "version": "18.2.0",
      "resolved": "https://registry.npmjs.org/react/-/react-18.2.0.tgz",
      "integrity": "sha512-/3IjMdb2L9QbBdWiW5e3P2/npwMBaU9mHCSCUzNln0ZCYbcfTsGbTJrU/kGemdH2IWmB2ioZ+zkxtmq6g09fGQ==",
      "dependencies": {
        "loose-envify": "^1.1.0"
      },
      "engines": {
        "node": ">=0.10.0"
      }
    },
    "node_modules/react-dom": {
      "version": "18.2.0",
      "resolved": "https://registry.npmjs.org/react-dom/-/react-dom-18.2.0.tgz",
      "integrity": "sha512-6IMTriUmvsjHUjNtEDudZfuDQUoWXVxKHhlEGSk81n4YFS+r/Kl99wXiwlVXtPBtJenozv2P+hxDsw9eA7Xo6g==",
      "dependencies": {
        "loose-envify": "^1.1.0",
        "scheduler": "^0.23.0"
      },
      "peerDependencies": {
        "react": "^18.2.0"
      }
    },
    "node_modules/react-router": {
      "version": "6.22.3",
      "resolved": "https://registry.npmjs.org/react-router/-/react-router-6.22.3.tgz",
      "integrity": "sha512-dr2eb3Mj5zK2YISHK++foM9w4eBnO23eKnZEDs7c880P6oKbrjz/Svg9+nxqtHQK+oMW4OtjZca0RqPglXxguQ==",
      "dependencies": {
        "@remix-run/router": "1.15.3"
      },
      "engines": {
        "node": ">=14.0.0"
      },
      "peerDependencies": {
        "react": ">=16.8"
      }
    },
    "node_modules/react-router-dom": {
      "version": "6.22.3",
      "resolved": "https://registry.npmjs.org/react-router-dom/-/react-router-dom-6.22.3.tgz",
      "integrity": "sha512-7ZILI7HjcE+p31oQvwbokjk6OA/bnFxrhJ19n82Ex9Ph8fNAq+Hm/7KchpMGlTgWhUxRHMMCut+vEtNpWpowKw==",
      "dependencies": {
        "@remix-run/router": "1.15.3",
        "react-router": "6.22.3"
      },
      "engines": {
        "node": ">=14.0.0"
      },
      "peerDependencies": {
        "react": ">=16.8",
        "react-dom": ">=16.8"
      }
    },
    "node_modules/readable-stream": {
      "version": "1.1.14",
      "resolved": "https://registry.npmjs.org/readable-stream/-/readable-stream-1.1.14.tgz",
      "integrity": "sha512-+MeVjFf4L44XUkhM1eYbD8fyEsxcV81pqMSR5gblfcLCHfZvbrqy4/qYHE+/R5HoBUT11WV5O08Cr1n3YXkWVQ==",
      "dependencies": {
        "core-util-is": "~1.0.0",
        "inherits": "~2.0.1",
        "isarray": "0.0.1",
        "string_decoder": "~0.10.x"
      }
    },
    "node_modules/rimraf": {
      "version": "2.7.1",
      "resolved": "https://registry.npmjs.org/rimraf/-/rimraf-2.7.1.tgz",
      "integrity": "sha512-uWjbaKIK3T1OSVptzX7Nl6PvQ3qAGtKEtVRjRuazjfL3Bx5eI409VZSqgND+4UNnmzLVdPj9FqFJNPqBZFve4w==",
      "dependencies": {
        "glob": "^7.1.3"
      },
      "bin": {
        "rimraf": "bin.js"
      }
    },
    "node_modules/safe-buffer": {
      "version": "5.1.2",
      "resolved": "https://registry.npmjs.org/safe-buffer/-/safe-buffer-5.1.2.tgz",
      "integrity": "sha512-Gd2UZBJDkXlY7GbJxfsE8/nvKkUEU1G38c1siN6QP6a9PT9MmHB8GnpscSmMJSoF8LOIrt8ud/wPtojys4G6+g=="
    },
    "node_modules/scheduler": {
      "version": "0.23.0",
      "resolved": "https://registry.npmjs.org/scheduler/-/scheduler-0.23.0.tgz",
      "integrity": "sha512-CtuThmgHNg7zIZWAXi3AsyIzA3n4xx7aNyjwC2VJldO2LMVDhFK+63xGqq6CsJH4rTAt6/M+N4GhZiDYPx9eUw==",
      "dependencies": {
        "loose-envify": "^1.1.0"
      }
    },
    "node_modules/semver": {
      "version": "7.6.0",
      "resolved": "https://registry.npmjs.org/semver/-/semver-7.6.0.tgz",
      "integrity": "sha512-EnwXhrlwXMk9gKu5/flx5sv/an57AkRplG3hTK68W7FRDN+k+OWBj65M7719OkA82XLBxrcX0KSHj+X5COhOVg==",
      "dependencies": {
        "lru-cache": "^6.0.0"
      },
      "bin": {
        "semver": "bin/semver.js"
      },
      "engines": {
        "node": ">=10"
      }
    },
    "node_modules/shebang-command": {
      "version": "2.0.0",
      "resolved": "https://registry.npmjs.org/shebang-command/-/shebang-command-2.0.0.tgz",
      "integrity": "sha512-kHxr2zZpYtdmrN1qDjrrX/Z1rR1kG8Dx+gkpK1G4eXmvXswmcE1hTWBWYUzlraYw1/yZp6YuDY77YtvbN0dmDA==",
      "dependencies": {
        "shebang-regex": "^3.0.0"
      },
      "engines": {
        "node": ">=8"
      }
    },
    "node_modules/shebang-regex": {
      "version": "3.0.0",
      "resolved": "https://registry.npmjs.org/shebang-regex/-/shebang-regex-3.0.0.tgz",
      "integrity": "sha512-7++dFhtcx3353uBaq8DDR4NuxBetBzC7ZQOhmTQInHEd6bSrXdiEyzCvG07Z44UYdLShWUyXt5M/yhz8ekcb1A==",
      "engines": {
        "node": ">=8"
      }
    },
    "node_modules/sisteransi": {
      "version": "1.0.5",
      "resolved": "https://registry.npmjs.org/sisteransi/-/sisteransi-1.0.5.tgz",
      "integrity": "sha512-bLGGlR1QxBcynn2d5YmDX4MGjlZvy2MRBDRNHLJ8VI6l6+9FUiyTFNJ0IveOSP0bcXgVDPRcfGqA0pjaqUpfVg=="
    },
    "node_modules/slick-carousel": {
      "version": "1.8.1",
      "resolved": "https://registry.npmjs.org/slick-carousel/-/slick-carousel-1.8.1.tgz",
      "integrity": "sha512-XB9Ftrf2EEKfzoQXt3Nitrt/IPbT+f1fgqBdoxO3W/+JYvtEOW6EgxnWfr9GH6nmULv7Y2tPmEX3koxThVmebA==",
      "peerDependencies": {
        "jquery": ">=1.8.0"
      }
    },
    "node_modules/string_decoder": {
      "version": "0.10.31",
      "resolved": "https://registry.npmjs.org/string_decoder/-/string_decoder-0.10.31.tgz",
      "integrity": "sha512-ev2QzSzWPYmy9GuqfIVildA4OdcGLeFZQrq5ys6RtiuF+RQQiZWr8TZNyAcuVXyQRYfEO+MsoB/1BuQVhOJuoQ=="
    },
    "node_modules/supports-color": {
      "version": "7.2.0",
      "resolved": "https://registry.npmjs.org/supports-color/-/supports-color-7.2.0.tgz",
      "integrity": "sha512-qpCAvRl9stuOHveKsn7HncJRvv501qIacKzQlO/+Lwxc9+0q2wLyv4Dfvt80/DPn2pqOBsJdDiogXGR9+OvwRw==",
      "dependencies": {
        "has-flag": "^4.0.0"
      },
      "engines": {
        "node": ">=8"
      }
    },
    "node_modules/tar": {
      "version": "2.2.2",
      "resolved": "https://registry.npmjs.org/tar/-/tar-2.2.2.tgz",
      "integrity": "sha512-FCEhQ/4rE1zYv9rYXJw/msRqsnmlje5jHP6huWeBZ704jUTy02c5AZyWujpMR1ax6mVw9NyJMfuK2CMDWVIfgA==",
      "deprecated": "This version of tar is no longer supported, and will not receive security updates. Please upgrade asap.",
      "dependencies": {
        "block-stream": "*",
        "fstream": "^1.0.12",
        "inherits": "2"
      }
    },
    "node_modules/tar-pack": {
      "version": "3.4.1",
      "resolved": "https://registry.npmjs.org/tar-pack/-/tar-pack-3.4.1.tgz",
      "integrity": "sha512-PPRybI9+jM5tjtCbN2cxmmRU7YmqT3Zv/UDy48tAh2XRkLa9bAORtSWLkVc13+GJF+cdTh1yEnHEk3cpTaL5Kg==",
      "dependencies": {
        "debug": "^2.2.0",
        "fstream": "^1.0.10",
        "fstream-ignore": "^1.0.5",
        "once": "^1.3.3",
        "readable-stream": "^2.1.4",
        "rimraf": "^2.5.1",
        "tar": "^2.2.1",
        "uid-number": "^0.0.6"
      }
    },
    "node_modules/tar-pack/node_modules/isarray": {
      "version": "1.0.0",
      "resolved": "https://registry.npmjs.org/isarray/-/isarray-1.0.0.tgz",
      "integrity": "sha512-VLghIWNM6ELQzo7zwmcg0NmTVyWKYjvIeM83yjp0wRDTmUnrM678fQbcKBo6n2CJEF0szoG//ytg+TKla89ALQ=="
    },
    "node_modules/tar-pack/node_modules/readable-stream": {
      "version": "2.3.8",
      "resolved": "https://registry.npmjs.org/readable-stream/-/readable-stream-2.3.8.tgz",
      "integrity": "sha512-8p0AUk4XODgIewSi0l8Epjs+EVnWiK7NoDIEGU0HhE7+ZyY8D1IMY7odu5lRrFXGg71L15KG8QrPmum45RTtdA==",
      "dependencies": {
        "core-util-is": "~1.0.0",
        "inherits": "~2.0.3",
        "isarray": "~1.0.0",
        "process-nextick-args": "~2.0.0",
        "safe-buffer": "~5.1.1",
        "string_decoder": "~1.1.1",
        "util-deprecate": "~1.0.1"
      }
    },
    "node_modules/tar-pack/node_modules/string_decoder": {
      "version": "1.1.1",
      "resolved": "https://registry.npmjs.org/string_decoder/-/string_decoder-1.1.1.tgz",
      "integrity": "sha512-n/ShnvDi6FHbbVfviro+WojiFzv+s8MPMHBczVePfUpDJLwoLT0ht1l4YwBCbi8pJAveEEdnkHyPyTP/mzRfwg==",
      "dependencies": {
        "safe-buffer": "~5.1.0"
      }
    },
    "node_modules/through2": {
      "version": "0.6.5",
      "resolved": "https://registry.npmjs.org/through2/-/through2-0.6.5.tgz",
      "integrity": "sha512-RkK/CCESdTKQZHdmKICijdKKsCRVHs5KsLZ6pACAmF/1GPUQhonHSXWNERctxEp7RmvjdNbZTL5z9V7nSCXKcg==",
      "dependencies": {
        "readable-stream": ">=1.0.33-1 <1.1.0-0",
        "xtend": ">=4.0.0 <4.1.0-0"
      }
    },
    "node_modules/through2/node_modules/readable-stream": {
      "version": "1.0.34",
      "resolved": "https://registry.npmjs.org/readable-stream/-/readable-stream-1.0.34.tgz",
      "integrity": "sha512-ok1qVCJuRkNmvebYikljxJA/UEsKwLl2nI1OmaqAu4/UE+h0wKCHok4XkL/gvi39OacXvw59RJUOFUkDib2rHg==",
      "dependencies": {
        "core-util-is": "~1.0.0",
        "inherits": "~2.0.1",
        "isarray": "0.0.1",
        "string_decoder": "~0.10.x"
      }
    },
    "node_modules/tmp": {
      "version": "0.2.3",
      "resolved": "https://registry.npmjs.org/tmp/-/tmp-0.2.3.tgz",
      "integrity": "sha512-nZD7m9iCPC5g0pYmcaxogYKggSfLsdxl8of3Q/oIbqCqLLIO9IAF0GWjX1z9NZRHPiXv8Wex4yDCaZsgEw0Y8w==",
      "engines": {
        "node": ">=14.14"
      }
    },
    "node_modules/uid-number": {
      "version": "0.0.6",
      "resolved": "https://registry.npmjs.org/uid-number/-/uid-number-0.0.6.tgz",
      "integrity": "sha512-c461FXIljswCuscZn67xq9PpszkPT6RjheWFQTgCyabJrTUozElanb0YEqv2UGgk247YpcJkFBuSGNvBlpXM9w==",
      "engines": {
        "node": "*"
      }
    },
    "node_modules/universalify": {
      "version": "2.0.1",
      "resolved": "https://registry.npmjs.org/universalify/-/universalify-2.0.1.tgz",
      "integrity": "sha512-gptHNQghINnc/vTGIk0SOFGFNXw7JVrlRUtConJRlvaw6DuX0wO5Jeko9sWrMBhh+PsYAZ7oXAiOnf/UKogyiw==",
      "engines": {
        "node": ">= 10.0.0"
      }
    },
    "node_modules/util-deprecate": {
      "version": "1.0.2",
      "resolved": "https://registry.npmjs.org/util-deprecate/-/util-deprecate-1.0.2.tgz",
      "integrity": "sha512-EPD5q1uXyFxJpCrLnCc1nHnq3gOa6DZBocAIiI2TaSCA7VCJ1UJDMagCzIkXNsUYfD1daK//LTEQ8xiIbrHtcw=="
    },
    "node_modules/validate-npm-package-name": {
      "version": "3.0.0",
      "resolved": "https://registry.npmjs.org/validate-npm-package-name/-/validate-npm-package-name-3.0.0.tgz",
      "integrity": "sha512-M6w37eVCMMouJ9V/sdPGnC5H4uDr73/+xdq0FBLO3TFFX1+7wiUY6Es328NN+y43tmY+doUdN9g9J21vqB7iLw==",
      "dependencies": {
        "builtins": "^1.0.3"
      }
    },
    "node_modules/which": {
      "version": "2.0.2",
      "resolved": "https://registry.npmjs.org/which/-/which-2.0.2.tgz",
      "integrity": "sha512-BLI3Tl1TW3Pvl70l3yq3Y64i+awpwXqsGBYWkkqMtnbXgrMD+yj7rhW0kuEDxzJaYXGjEW5ogapKNMEKNMjibA==",
      "dependencies": {
        "isexe": "^2.0.0"
      },
      "bin": {
        "node-which": "bin/node-which"
      },
      "engines": {
        "node": ">= 8"
      }
    },
    "node_modules/wrappy": {
      "version": "1.0.2",
      "resolved": "https://registry.npmjs.org/wrappy/-/wrappy-1.0.2.tgz",
      "integrity": "sha512-l4Sp/DRseor9wL6EvV2+TuQn63dMkPjZ/sp9XkghTEbV9KlPS1xUsZ3u7/IQO4wxtcFB4bgpQPRcR3QCvezPcQ=="
    },
    "node_modules/xtend": {
      "version": "4.0.2",
      "resolved": "https://registry.npmjs.org/xtend/-/xtend-4.0.2.tgz",
      "integrity": "sha512-LKYU1iAXJXUgAXn9URjiu+MWhyUXHsvfp7mcuYm9dSUKK0/CjtrUwFAxD82/mCWbtLsGjFIad0wIsod4zrTAEQ==",
      "engines": {
        "node": ">=0.4"
      }
    },
    "node_modules/yallist": {
      "version": "4.0.0",
      "resolved": "https://registry.npmjs.org/yallist/-/yallist-4.0.0.tgz",
      "integrity": "sha512-3wdGidZyq5PB084XLES5TpOSRA3wjXAlIWMhum2kRcv/41Sn2emQ0dycQW4uZXLejwKvg6EsvbdlVL+FYEct7A=="
    }
  }
}
